"Feature Category","Production (main Branch)","Local Workspace (dev Branch)","Status","Key Technical Components"
"Active Member Portal","Not available","Fully integrated at /membre (Dashboard, Projects, Events, Visites, Formations, Annuaire, Classement, Profil)","Ready","Next.js Server Components, Supabase Auth Guard, AnimatedPoints"
"Project Kanban Board","Not available","Interactive drag-and-drop Kanban task board with Supabase Realtime live syncing at /membre/projets/[id]","Ready","@dnd-kit/core, @dnd-kit/sortable, Supabase Realtime WebSockets"
"Role Architecture","Fragmented role strings","3 Canonical Roles (admin, membre_bureau, membre_actif) with central type helper","Refactored","lib/types/roles.ts, PostgreSQL CHECK constraints"
"Unified Espace Bureau","Basic text-only form","Multi-photo carousel uploader, activity proposal form (ActivityForm), digital attendance tracker (PresenceTracker)","Ready","Framer Motion, Canvas Client Compression, Real-time Attendance Switches"
"Admin Branding System","Hardcoded assets","Dynamic logo upload, reset, and custom homepage hero carousel manager","Ready","SiteSettingsProvider, /api/admin/settings/logo, /api/admin/hero-carousel"
"Invitation System","Basic token generation","Resend API integration with role selection (membre_bureau vs membre_actif), expiry, and instant link copy","Ready","Resend API, UUID Tokens, PostgreSQL RLS"
"Route Architecture","Flat layout structure","Clean (public) route group separating site chrome from member dashboard sidebars","Ready","Next.js (public) Route Groups, Dynamic Layouts"
"Next.js 16 Standards","Legacy middleware.ts","Modern proxy.ts request interception compliant with Next.js 16","Ready","lib/supabase/proxy.ts, Next.js 16 conventions"
"Design & Performance","Basic dark theme","Unified dark amber theme (#0d0e0e, #141515, #fca311) with zero backdrop-filter latency","Optimized","Tailwind CSS tokens, static surfaces, hardware acceleration"
